"member_id","member_lat","member_lon","member_name","member_city","all_event_ids"
3474825,40,-75.1399993896484,"amirah","Philadelphia","12705322,29979491,dbtcfcypnbkc,qlmqdcyppbfb,wbpspypcbkc"
7720705,40.0400009155273,-75.0699996948242,"Michael Mason","Philadelphia","15807173,16000587,16303930,17159338,17348684,18573881,62391152,69695852,70140752,88771522"
8508248,40.0900001525879,-75.1999969482422,"Jeff Welch","Philadelphia","10088309,10088329,10088350,9197294,9374472,9374476,9511734,9511749,9792401"
8981892,39.9599990844727,-75.1999969482422,"Albert","Philadelphia","10702324,10760712,10849513,10855150,11193930,11735454,12214330,12214333,12214347,12401667,12465596,12548910,13546252,14337933,9810371"
9251448,40.0400009155273,-75.2300033569336,"Douglas Zork","Philadelphia","10404385,10451064,10499840,10560942,10721004,9927761,9977152,dmghnypfbqb,ggbbpynqbsb"
10912993,39.9500007629395,-75.1600036621094,"Len Larkins","Philadelphia","15533861,41311072,60204252,64427122,81972872,83337772,93201092"
