"member_id","member_lat","member_lon","member_name","member_city","all_event_ids"
12259747,37.939998626709,-122.540000915527,"Jim","Larkspur","20943371,24477431,26844411,33876572,37580872,44932162"
14001953,37.939998626709,-122.540000915527,"Pavan","Larkspur","19652081,28072921,28451911,49932702,72790802,73603472,99827542,99966592,qmvnncyqjbdb"
