"member_id","member_lat","member_lon","member_name","member_city","all_event_ids"
7948187,61.1500015258789,-149.940002441406,"Mark Stadsklev","Anchorage","44915812,44916312,44916472,44917502,44917672,44917842,45014522,dxwlfcyqcbpb"
11797587,61.2200012207031,-149.869995117188,"John","Anchorage","57989542,57990072,57990302,60303872,87430732,qhbzjcypqbpc"
