"member_id","member_lat","member_lon","member_name","member_city","all_event_ids"
7939663,34.1699981689453,-118.400001525879,"Arlington Cruz","Valley Village","32550622,33966472,34686112,34753302,8637795"
12250999,34.1699981689453,-118.400001525879,"Bill McClelland ","Valley Village","13887304,13909719,14347186,14509158,17540821"
