"member_id","member_lat","member_lon","member_name","member_city","all_event_ids"
12307064,32.5299987792969,-95.6399993896484,"Jim Tindall","Van","13808042,13874758,15178281,16072825,23621121,25265461,30536741,33036122,55728402,58433022"
