"member_id","member_lat","member_lon","member_name","member_city","all_event_ids"
12324805,37.0499992370605,-122.220001220703,"Fari Teymourtash","Davenport","14352843,16499840,30524281,33480232,38755722,42800732,43656582,53599502"
12338257,37.0499992370605,-122.220001220703,"Heather Moore","Davenport","14665829,16013063,16013195,16013307,16013354,16013437,16408510,32698222"
