"member_id","member_lat","member_lon","member_name","member_city","all_event_ids"
9971856,40.4900016784668,-106.870002746582,"Jens Owen","Steamboat Springs","48384652,57042522,63377252,63377312,76733562,96052262"
