"member_id","member_lat","member_lon","member_name","member_city","all_event_ids"
7446964,33.9599990844727,-117.26000213623,"Ryann","Moreno Valley","10734415,11330974,11565387,16691766,25781501,27362301,40348022,70644022,75740012,80419172,80422112,80710362,80950252,96843502,96844482"
12112161,33.9599990844727,-117.26000213623,"Anando","Moreno Valley","14466469,14466804,14486549,14486696,14487119,14487944,14488108,14488145,14488243,14885546,15242136,15722979,16391739,33331102"
12766579,33.9599990844727,-117.26000213623,"Zaki De Luca ","Moreno Valley","14466469,14466804,14486549,14486696,14487119,14487944,14488108,14488145,14488243,14885546,15242136,15722979,15732178,33331102,84852842"
40078292,33.9599990844727,-117.26000213623,"Chuck Norris","Moreno Valley","74468822,qhwngdyqmbcb,qhwngdyrcbhb,qhwngdyrdbdb,qhwngdyrfbdb"
