"member_id","member_lat","member_lon","member_name","member_city","all_event_ids"
3713370,33.7299995422363,-116.370002746582,"Renee","Palm Desert","10532804,12779539,13976173,16259511,51854162,67728372,9694216"
8744046,33.7299995422363,-116.370002746582,"Tom Murray","Palm Desert","10670372,10686528,11068796,11156930,11156966,11165641"
