"member_id","member_lat","member_lon","member_name","member_city","all_event_ids"
13749557,37.9300003051758,-122.519996643066,"J S","Corte Madera","57565122,58691242,58734492,59943122,60147372,60983242,61125702,63849432,66786922,68685292,71413702,72480322,74987682,78982972,79775082,85324242,86057782,90982352,93162272,97085312,97574742,97921602,98077122,98912422,99843602,99905192"
