"member_id","member_lat","member_lon","member_name","member_city","all_event_ids"
12454847,33.5099983215332,-96.4000015258789,"Joanne","Whitewright","13544207,14212629,14212673,14538416,15527885,18249831"
