"member_id","member_lat","member_lon","member_name","member_city","all_event_ids"
2214381,33.0200004577637,-96.4300003051758,"Malcolm","Lavon","11569888,11570011,11570023,13260933,41567112,44053532,44053612,6385116,7434641,74987432,8761466"
7913824,33.0200004577637,-96.4300003051758,"Gail","Lavon","10053499,10853563,10986189,11156683,11156792,11176742,11176767,12151759,12542406,12651508,12799889,13632812,24366971,25257641,27322721,36436762,40942332,47009832,48701622,51965822,53712502,54260502,61562642,62896352,82643582,9247195,9328213,9421631,stnsqypmbgc,vtsrqypkbkc,vtsrqyplbpc,vtsrqyppbnc,vtsrqyqkbhc,vtsrqyqmbjc"
8822675,33.0200004577637,-96.4300003051758,"Bonnie","Lavon","43202312,45663262,49951092,56661782,57428222,57569682,60156252,60667372,60671782,63517742,79235422"
13878460,33.0200004577637,-96.4300003051758,"michael Jaye","Lavon","15867590,33792512,91672002,dfhpccypnbjc,knzpqypfbnc,pcjzzypmbwb"
14903761,33.0200004577637,-96.4300003051758,"Norman Bundrant ","Lavon","100694882,55356892,60978022,63251402,63954082,68926572,90528372,94206752,qfthjcyqgbjc,qfthjcyqgbzb,qfthjcyqhbpc,qjtrbdyqkbnb,qssrbdyqmblc,qtkpbcyqfbjb,wkjgnypmbkc"
15538121,33.0200004577637,-96.4300003051758,"Gia Dixon","Lavon","100653032,104284712,104779522,105656092,18992321,89577402"
29522552,33.0200004577637,-96.4300003051758,"Don Forthman","Lavon","26948351,46841582,ddqqgcyqdbmb,ddqqgcyqfblb,ddqqgcyqgbqb,ddqqgcyqhbnb,ddqqgcyqjbsb"
62023592,33.0200004577637,-96.4300003051758,"Terry Hurth","Lavon","103964082,84459432,85192112,89532322,92126232,qklvkdyqnbbc,qklvkdyqpbwb,qklvkdyrcbzb,qklvkdyrdbvb,qklvkdyrfbvb,qklvkdyrhbxb,qklvkdyrkbbc,qklvkdyrmbcc,qklvkdyrnbzb,qklvkdyrpbvb,qklvkdyrqbcc,qklvkdyscbxb,qnzwmdyqnblb"
