"venue_id","venue_lat","venue_lon","venue_name","venue_city","all_event_ids"
184532,33.760464,-117.230537,"Orange Empire Railway Museum","Perris","14785543|14785674"
501902,33.8445,-117.209656,"Big Rock","Perris","7260640|7469336|11982163"
1471638,33.879432,-117.181201,"APEX CART TRACK","Perris","16057466|16376902|24666531|90305082|96199862|101242232"
