"member_id","member_lat","member_lon","member_name","member_city","all_event_ids"
728344,32.9700012207031,-96.3000030517578,"Scott","Royse City","15727499,36281712,65536632,98739942,98741262,98742512,crvfqypdbfb,ljdsqyqpbdc,smwxqyppbfb"
4453703,32.9700012207031,-96.3000030517578,"Debbie","Royse City","5965904,7280718,7808979,8890946,9328213"
5404568,32.9700012207031,-96.3000030517578,"Randy Hunter","Royse City","10563779,10832084,8728336,9194481,9325811,9701013,jmwxqypjbdb,smwxqypqbcb,smwxqyqjbkb,smwxqyqmbjb,smwxqyrdbkb"
6881126,32.9700012207031,-96.3000030517578,"Gina","Royse City","40561732,41160122,41985512,42443492,46731172,69432802,70799312,71513242,79430722,81420722,87366292,92558552,92735532,94196872,97776622,99594652"
8354786,32.9700012207031,-96.3000030517578,"Tammy","Royse City","12148897,12527981,12527986,12580309,12580426,dmghnynpbrb,scdvnyqdbcc,tlghnynnbvb,xvbdpynlbgb"
9912579,32.9700012207031,-96.3000030517578,"Doyle Cooper","Royse City","16938217,hxxvqyphbxb,pzpmtyqlbtb,wvzspypdbcb,wvzspypgbhb"
11808568,32.9700012207031,-96.3000030517578,"Lynette Turner","Royse City","15253105,15280188,stnsqypkbfc,stnsqyplbkc,stnsqypmbgc,stnsqyqcblc,stnsqyqdbhc,stnsqyqhbjc,stnsqyqjbfc,stnsqyqkblc,stnsqyqqbdc,znwlnynmbhc"
71176302,32.9700012207031,-96.3000030517578,"Clarissa","Royse City","105466442,88251652,89184432,90013062,94349202,95367512,95390812"
72841742,32.9700012207031,-96.3000030517578,"Tim","Royse City","100845092,101387192,101468042,101985442,89393812,97528542"
