"venue_id","venue_lat","venue_lon","venue_name","venue_city","all_event_ids"
907296,32.975179,-96.332433,"The Well Coffee Lounge","Royse City","42610612|51145702"
1135812,32.902913,-96.36972,"Southern Junction","Royse City","13647835|66016322|73110762|70742262|104930142|24366971"
1580524,32.902096,-96.369217,"Southern Junction","Royse City","17071248"
4091312,32.942879,-96.293327,"Fish Camp","Royse City","72282122"
5022202,32.955322,-96.306305,"Occasions at Stone River ","Royse City","46815402"
11766372,32.970474,-96.32785,"Kuykendall Insurance","Royse City","104889422|104881612"
