"member_id","member_lat","member_lon","member_name","member_city","all_event_ids"
5617866,34.1800003051758,-118.430000305176,"Rocio","Van Nuys","6501971,6750876,6800401,7137083,7286802,7670766,8779410"
10831850,34.2000007629395,-118.48999786377,"Byron Gutierrez","Van Nuys","10863208,10863214,12028548,12038308,12376916,12459940,12641781,15159644,16001089,17434850"
