"member_id","member_lat","member_lon","member_name","member_city","all_event_ids"
3695624,33.7599983215332,-118.080001831055,"ChaChaCha","Seal Beach","18113571,21054261,21055451,23570021,25044751"
4372592,33.7599983215332,-118.080001831055,"Karen","Seal Beach","5938116,5991656,6008529,6033579,6099461,6183243,6220948,6253880,6378940,7390351,7524974,7588533,7810221"
8329904,33.7599983215332,-118.080001831055,"Ben","Seal Beach","11590623,11730874,11809873,11921187,12007324"
20000831,33.7599983215332,-118.080001831055,"Alexis Risi","Seal Beach","100296252,100991222,78873772,80089472,80326462,83611872,83612582,dvvddfyrcbgc,dvvddfyrcbpc"
