"member_id","member_lat","member_lon","member_name","member_city","all_event_ids"
10329290,32.7299995422363,-96.0100021362305,"Shannon ","Wills Point","15879887,16209504,16461168,27045391,33483382,40772982,50190462,50971192"
14150172,32.7299995422363,-96.0100021362305,"Ed McCamey","Wills Point","101382542,103567552,35255182,36318742,38150282,38150942,43570452,44946032,47003642,47765912,49561342,51343442,54656712,55274492,55353432,61966422,61967222,64084912,65083622,67572442,67572762,73041232,75042842,77577652,77578192,82169402,85547912,85548412,87568592,89307882,96593042,96593922,99775562,bhjsqyphbbc,bhjsqypjbwb,bhjsqypkbtb,bhjsqyplbzb,bhjsqypnbcc,bhjsqyppbxb,bhjsqyqcbbc,dmlbzcyqkbbc,dmlbzcyqlbwb,qddslcyqdbwb,qddslcyqfbvb,qddslcyqgbbc,qfsrfdyqnbzb,qqxcrcyqjbtb,tffhqypfbxb,tffhqypgbtb"
25441222,32.7299995422363,-96.0100021362305,"Mr. Match","Wills Point","34906312,38750722,40516562,42387572,44034272,44257922,47615852,48049582,49399982,50631562,53141182,63278952,63581612,65736762,68711752,70024262,72066842,72546162,89477482"
62004012,32.7299995422363,-96.0100021362305,"danielle settles","Wills Point","82714502,83832702,89168722,90035032,91198102,92214382,92921602,94064652"
