"member_id","member_lat","member_lon","member_name","member_city","all_event_ids"
10167979,37.0499992370605,-122.050003051758,"steve ","Mount Hermon","11104595,12548885,12799152,12815041,64671092,89426322"
