"member_id","member_lat","member_lon","member_name","member_city","all_event_ids"
10651976,33.0699996948242,-96.2300033569336,"Gail Cross","Caddo Mills","15879887,15887492,16209504,27045391,50190462,84244572,88980442"
11368770,33.0699996948242,-96.2300033569336,"Tracy Platz","Caddo Mills","12390065,12614216,12726738,13820215,13846707,13861366,13890455,14425401,53097522,63823662,jfljqypdbvb,jfljqypjbtb,jfljqypkbbc,jfljqypmbcc,mfljqypfbqb,mfljqyplbrb"
