"venue_id","venue_lat","venue_lon","venue_name","venue_city","all_event_ids"
1390419,33.00424,-96.22933,"Haunt House","Caddo Mills","14952692|30638371|35898882|79516262|88319092|98670332"
3528272,33.069038,-96.230202,"Dallas Karting Complex","Caddo Mills","64660002|33732062"
3649402,33.065674,-96.227753,"Private Venue","Caddo Mills","34690092"
10834022,33.010616,-96.236206,"dallas karting complex","Caddo Mills","95960782"
