"member_id","member_lat","member_lon","member_name","member_city","all_event_ids"
1592495,37.1800003051758,-121.819999694824,"william estrada","New Almaden","15036976,15036983,15793053,20559821,23181431,75887362,80448612,82688652"
