"member_id","member_lat","member_lon","member_name","member_city","all_event_ids"
9484926,41.3600006103516,-122.349998474121,"Courtney Clay","Mount Shasta","103236662,103245092,10412065,10766506,10940788,13149615,13842002,21439351,36009662,50947052,60144322,63911462,69870122,69872352,76500932,81757942,cvwbsyplblc,cvwbsyqfbhc"
