"member_id","member_lat","member_lon","member_name","member_city","all_event_ids"
4284982,31.3799991607666,-103.519996643066,"Christina","Pecos","11132195,11132229,11132257,11132320,5756169,9989890"
