"member_id","member_lat","member_lon","member_name","member_city","all_event_ids"
5055406,32.5499992370605,-95.870002746582,"Lori b","Canton","11400285,11883855,12036914,12144742,14928638,42868582,6100809,6647769,7434641,8813003"
