"member_id","member_lat","member_lon","member_name","member_city","all_event_ids"
7496349,38.1199989318848,-122.230003356934,"Rosalyn","American Canyon","12603449,12603577,16476883,23315711,34051152,34051442,51389562,65868662,72755792,93893682"
