"member_id","member_lat","member_lon","member_name","member_city","all_event_ids"
12360703,33.5099983215332,-117.660003662109,"Daryl Jackson","San Juan Capistrano","16476268,32182302,75164622,pnzxrypjbfb,pzflzypmbvb"
58136522,33.5099983215332,-117.660003662109,"Robert McKasson","San Juan Capistrano","103089472,103089782,84449772,98883782,98883872"
