"member_id","member_lat","member_lon","member_name","member_city","all_event_ids"
11425019,34.1300010681152,-117.459999084473,"Karl","Fontana","15740648,17315844,18928681,55626132,93120022"
