"member_id","member_lat","member_lon","member_name","member_city","all_event_ids"
4422471,34.1399993896484,-118.389999389648,"Miranda Martinez","Studio City","10360700,10360888,10400401,10400434,10412065,10757668,11085474,11219417,11630190,11630295,11948625,12273279,12353338,12546961,13609075,14321805,14778554,8820669,8820915,9090478,9643939,9746109"
10498731,34.1399993896484,-118.389999389648,"mbentley","Studio City","12028095,13033058,16743851,17199070,cdfmqypfbgc,cdfmqypfbnb"
13576076,34.1399993896484,-118.389999389648,"Joe Elgabalawi","Studio City","39386842,dzsvhcypqbkc,dzsvhcypqbmc,pdpqvyplbkb,plwwwypnbmb,plwwwypnbnc,plwwwyppbjb,plwwwypqbhc,qjpkbdyqkbjb"
17755941,34.1399993896484,-118.389999389648,"Michael Valentine","Studio City","46352622,47868352,47868822,59945002,dkwtlcyqcbgc,dkwtlcyqcbjc,dvcflcyqcbgc,qhgnlcyqcbzb"
