"member_id","member_lat","member_lon","member_name","member_city","all_event_ids"
4227163,39.9300003051758,116.400001525879,"Brett","Beijing","63683632,63732982,64893852,65476082,65802222,73140662,74141472,74252932,75292242,77872942,81799532,84807062,86683122,89147942,91929772,99769132,dgfwndyqqbhb,qbjkncyqgbnc,qgqrzdyqqbkc,qpjpscyqjbmb,qswdwcyqhbgc,qxckzcyrdbfc"
9882034,39.9300003051758,116.400001525879,"Bill Zhang","Beijing","12145806,12148638,12148897,12184107,12515658,12522585"
10426251,39.9300003051758,116.400001525879,"David Zhou","Beijing","15730596,15915199,16767948,16826773,17038663,cdszrypjbfc,jhtrnypdbfc,jhtrnypfbfc,wlrzpypdbgc,zjxcqypgblc,zjxcqyphbjc"
54862022,39.9300003051758,116.400001525879,"Gurpreet Singh","Beijing","73885032,74605692,77767482,79865932,92250572"
