"member_id","member_lat","member_lon","member_name","member_city","all_event_ids"
10102351,36.6800003051758,-121.790000915527,"Big John","Marina","100105712,103452962,11180668,11250779,17434564,27180151,46366072,51804822,56695442,61052322,73973332,74269082,75189532,80728452,81998552,83224482,83297042,97548362,97912522"
34217052,36.6800003051758,-121.790000915527,"Michelle Cooley","Marina","42430942,46386682,47316292,49276662,49364732,51304322,61761152"
