"member_id","member_lat","member_lon","member_name","member_city","all_event_ids"
4592017,44.0200004577637,-121.300003051758,"Daniel","Bend","5967353,6095201,6220603,6328945,6570168,6596891,6693584,6721856,6745301,6819805,6862490,6937792,6979738"
10298814,44.0999984741211,-121.290000915527,"Daniel","Bend","13233680,13396572,13952135,13957084,13962053"
11223355,44.0999984741211,-121.290000915527,"Rebekah  Hernandez","Bend","12133324,12316836,13889223,14072960,15206873"
