"member_id","member_lat","member_lon","member_name","member_city","all_event_ids"
824723,36.6699981689453,-121.650001525879,"Jordan Zimmerman","Salinas","16395288,49372662,56678082,67732652,69100692,dcsmjdyqmbbc,dcsmjdyqnbgb,xzmpqypfbvb,xzmpqypgbbc"
3885602,36.5999984741211,-121.650001525879,"Darius","Salinas","6297940,6378756,6797343,6874982,7847010"
6080987,36.7599983215332,-121.669998168945,"Mark","Salinas","11012839,11030542,11282686,11483442,11491230,11678191,11811924,11941906,12650833,9852648,9929399"
11909499,36.7099990844727,-121.639999389648,"Karianne Corwin","Salinas","15036976,15216935,15217990,15793053,29048771"
12767797,36.7599983215332,-121.669998168945,"Michael Houda","Salinas","15109446,15783551,16146758,16184573,16543505,65084192,98235792"
21164621,36.6800003051758,-121.620002746582,"Valentin Ivanov","Salinas","26293291,26421891,26570011,30586931,30598021,34420562,36975962,41384162,45574422,47196842,48316172,54004532,56179062"
58992072,36.7099990844727,-121.639999389648,"Christine","Salinas","101071862,102381302,104381372,105716202,77882472,79825732,82069212,82104552,83019612,85050272,85540782,86725732,87303642,89242812,91171122,99806592"
59333092,36.7099990844727,-121.639999389648,"Arlene santana","Salinas","82007882,83559652,84487182,85906852,86654652,88573952,90982352,98167752"
