"member_id","member_lat","member_lon","member_name","member_city","all_event_ids"
4574909,38.0200004577637,-121.910003662109,"Liz","Pittsburg","60141662,60142982,68829542,68830452,70412912,77340882,77866212,88246532,88833012"
8430811,38.0200004577637,-121.910003662109,"joeVal","Pittsburg","18771401,22561061,25326641,31777652,35102722,35461692,35501422,47759722,50665742,52850302,83136812,87066992,91588552"
8743232,38.0200004577637,-121.910003662109,"Kristi","Pittsburg","10297377,10500378,11153893,11169347,11191973,11606192,11941693,12818432,12965091,13961314,16059021,16492410,16894600,17544696,44615202,58734492,72480322,9506015,9656261,9656269"
13966023,38.0200004577637,-121.910003662109,"William L Mosley","Pittsburg","103393952,21041061,25727291,26800221,68799452,88170612,88662002,98279482"
40216352,38.0200004577637,-121.910003662109,"Virginia Arellano","Pittsburg","103468872,77904922,77940212,78892792,83136812,87764602"
47306832,38.0200004577637,-121.910003662109,"Shirley Acosta","Pittsburg","68830452,71413702,71631452,73226862,74535132,74934922,74987682,75235962,76741932,77290432,77312002,78500402,79775082,81465962"
66543092,38.0200004577637,-121.910003662109,"Daniel Higgins","Pittsburg","101424532,103875912,103877812,83959992,94559652"
70672482,38.0200004577637,-121.910003662109,"Eric","Pittsburg","101094782,97085312,97574742,97921602,98077122,98912422,99243682,99794792"
