"member_id","member_lat","member_lon","member_name","member_city","all_event_ids"
6300484,40.5900001525879,-83.129997253418,"Richard","Marion","12461975,12612364,12649841,12885543,13364288,14860861,83663432,8440851"
