"member_id","member_lat","member_lon","member_name","member_city","all_event_ids"
9018039,33.75,-117.790000915527,"Joe Lahore","Santa Ana","17889851,31756192,64172882,dmlvhcyqcbhb,dmlvhcyqdbdb,dmlvhcyqjbkb,dmlvhcyqlbdb,dmlvhcyqmbjb,dmlvhcyqnbgb,dmlvhcyqpbcb,dmlvhcyrdbkb,nnpmqypjbdb,pbccwypmblb,xlvpqyplbgb"
9591791,33.7000007629395,-117.870002746582,"sergio ","Santa Ana","10316499,10316553,11623877,38020562,49371972"
14200414,33.7200012207031,-117.910003662109,"Carlos Pena","Santa Ana","104763502,25494401,38518012,40553702,46554432,47597012,47598732,47684872,47892752,60318352,90145022"
21029131,33.75,-117.790000915527,"Nilo Arnaiz","Santa Ana","26609451,40348022,69672572,80408642,80419172,99014812,qtgzhcyqcbcc,qtgzhcyqdbxb"
