"venue_id","venue_lat","venue_lon","venue_name","venue_city","all_event_ids"
710919,33.773412,-84.285899,"Decatur Healing Arts","Decatur","8352896|8765006|8765026|8827843|8908111|8908107|8908122"
714794,33.237387,-97.581299,"Eagles Canyon Raceway","Decatur","101644502"
764920,33.237387,-97.581299,"Eagles Canyon Raceway","Decatur","29413461"
910862,33.337915,-97.586932,"Black Creek Lake","Decatur","97512082"
910994,33.337868,-97.586928,"Tadra Point Trailhead","Decatur","15263511|32243022|73855552"
8931972,33.366974,-97.426979,"Eagles Canyon Race way","Decatur","79605352"
