"member_id","member_lat","member_lon","member_name","member_city","all_event_ids"
8801727,38.4500007629395,-75.5800018310547,"Kellen Venters","Delmar","10065594,10133431,10180931,10187296,10316140,10378051,10417155,10541412,10599166,10624035,10641366,10687091,10713887,10770230,10809866,10862995,10911695,10999937,11048538,11051970,11137066,11236276,11272826,11343341,11357854,11418644,11448122,11559272,11924707,12040735,12090228,12098640,12132946,12283280,12333560,12352820,12504909,12533331,12639329,12669744,13280990,13476968,15961134,16082022,16415869,9655349,9692162,9692177,9705761,9750655,9868003,9951277,ckwgqypdbrb,dsfgnynfblc,dsfgnyngbgb,dsfgnynhbdb,dsfgnynhbmb,dsfgnypcbfc,dsfgnypcbmb,dsfgnypcbvb,lrndqypcbhb,lrndqypcbqb,mrfgnynjbdb,ngjqnynjbfb,xklnnyngbmc"
