"member_id","member_lat","member_lon","member_name","member_city","all_event_ids"
3916946,37.6800003051758,-120.940002441406,"PAUL","Modesto","10438041,10559545,10693634,11145720,11557737,11681448,11882119,11891642,54338752,66510172,69782182,70199362,72829602,73394842,74269082,74449162,78265472,80728452,82732332,83224482,84624712,85258022,85609672,86655502,8707505,88921942,88986782,8983609,9464223"
11134948,37.6399993896484,-120.970001220703,"Brenton Ashworth","Modesto","12119171,12879251,14119983,sggnnynjbfb,vtvnnynlbhb,vtvnnynnbkb"
11537898,37.6399993896484,-120.970001220703,"Anthony Von Modesto","Modesto","12693039,12894262,13245521,13833109,14080257,zntgnynkbjc"
11739696,37.6699981689453,-120.940002441406,"Gary McKinsey","Modesto","qfbfmdyqpbdb,qppbmcyqfbdb,qppbmcyqhbgb,qppbmcyqjbcb,qppbmcyqjbdc,qppbmcyqkbkc"
44696532,37.7000007629395,-121.029998779297,"Samantha","Modesto","58734492,59399532,59943122,74934922,79775082"
56766682,37.6599998474121,-120.98999786377,"Thomas Young","Modesto","jmwnqyqpbfb,jmwnqyqpbgc,jmwnqyqpbnb,jmwnqyqqblb,jmwnqyrcbjc,jmwnqyrdbdb"
57017622,37.6599998474121,-120.98999786377,"Coral Luce","Modesto","76511402,77633642,78433992,83870732,89144852"
65576372,37.6599998474121,-120.98999786377,"Patrick Anderson","Modesto","88335022,qdmhcdyqnbnc,qqnvjdyqnbbc,qqnvjdyqnbkc,qqnvjdyqpbfb,qqnvjdyqpbnb,qqnvjdyqpbwb,qqnvjdyqqbcb,qqnvjdyqqbdc,qqnvjdyrcbhb,qqnvjdyrcbqb,qqnvjdyrdbdb"
