"venue_id","venue_lat","venue_lon","venue_name","venue_city","all_event_ids"
1018621,38.65054,-121.068562,"Starbucks","El Dorado Hills","15716603|15815170|15815008|15815069|15950869|15838612|16155440|16400274|16458446|16561316|16855218|17112540|41983162|49823172|54701322|16662394|59920152"
