"member_id","member_lat","member_lon","member_name","member_city","all_event_ids"
4682551,33.7200012207031,-117.940002441406,"Mani B","Fountain Valley","11537610,16014463,55780802,81710382,89485692,wdjsnynkblb"
8709596,33.7200012207031,-117.940002441406,"Tamara","Fountain Valley","104566182,105300662,26611531,27578661,27827281,32827672,34083102,36208422,38755732,39580322,45287162,45410092,51798262,52136172,56705852,60247072,64852282,66286412,71097642,72448642,75658252,77410472,79867382,82914352,86571002,87882952,88011822,91175982,92404092,95435822,95435882,98937992,98940352"
11201994,33.7200012207031,-117.940002441406,"Dawn G","Fountain Valley","14888581,16144696,16144736,16144741,16144763,16229470"
