"member_id","member_lat","member_lon","member_name","member_city","all_event_ids"
11587465,33.5900001525879,-96.1800003051758,"Ericka Alexander","Bonham","12524004,12524472,13195364,14291006,14488910,14997196,15089396,15170551,16077871,51225062,99661692,cssnpynnbfc,cssnpynnbvb,hpbmqypjbgb"
