"member_id","member_lat","member_lon","member_name","member_city","all_event_ids"
1565239,37.8699989318848,-122.529998779297,"blaine wishart","Sausalito","dnvsfdyqpbcb,dnvsfdyqqbjb,dnvsfdyrcbfb,qnsgtcyqgbgc,qnsgtcyqqbhc,sggnnynjbfb,vtvnnynkbcb"
6048237,37.8699989318848,-122.529998779297,"Mark","Sausalito","13920105,15043475,15091158,17202868,25013521,35835862,40779542,41453762,68845742,7040176,7925034,8548976,9081930,mbllpynmbbc"
7857119,37.8699989318848,-122.529998779297,"Chris","Sausalito","14698431,14700321,17525825,20436941,26876711,35990622,46283532,87985342"
9054414,37.8699989318848,-122.5,"Gary S","Sausalito","10012586,102088512,103095202,10863204,12028548,12038308,14547108,14925425,42583882,50402942,51114452,54255762,78262892,78262962,87379262,89184422,93528282,9804456,98954722"
12045490,37.8699989318848,-122.529998779297,"Neil Whitelaw","Sausalito","101219532,21041061,31118621,32133412,33289922,35461692,36256982,39120962,43873612,48576772,48804272,53081252,64040412,68799452,70152812,77904922,78892792"
12850856,37.8699989318848,-122.529998779297,"Brian Kruger","Sausalito","14704894,15022234,15464663,15481175,15481197,40058102,48901162,52365812,52502262,60507012,61828902,62756712,73725682,92123262,gkpxnynnblc,xzmpqypkbbc,xzmpqyplbwb"
