"member_id","member_lat","member_lon","member_name","member_city","all_event_ids"
11565047,31.5400009155273,-97.1800003051758,"Sally Ma Prem Geet","Waco","12921032,13066216,13066228,14053969,14054263,15012842,15958819,24462501,49076062"
12004586,31.5400009155273,-97.1800003051758,"Teena","Waco","13912742,54092442,78417832,81485842,82522122,87880922,87884072"
13446643,31.5400009155273,-97.1800003051758,"Laura","Waco","100815632,104637622,106025042,15574264,15964162,17529684,17530171,19275881,21400671,23037731,23856641,23882801,29358941,33140962,39497362,51966602,56481022,60723222,60882612,70840272,74168962,wtcpqyqcbkb"
