"member_id","member_lat","member_lon","member_name","member_city","all_event_ids"
4819687,33.2799987792969,-117.190002441406,"Jim La Joie","Bonsall","10133487,10627516,10662649,10954339,11307055,11534833,11536710,12898110,13119953,13329703,13329953,13639950,13701170,13701247,14385380,14403771,15355146,16006659,28513121,30204341,32920902,38238122,58464772,73147172,7417272,76336842,7814234,8132256,8502727,8638183,86955962,8862782,9490476,9720800"
