"member_id","member_lat","member_lon","member_name","member_city","all_event_ids"
5838309,37.5499992370605,-122.5,"Gary Riemer","Moss Beach","50511952,58286602,75480282,83231832,dhsgldyqmbhc"
21440621,37.5499992370605,-122.5,"Tim Smith","Moss Beach","27508971,39120962,55392192,77904922,91588552,97093322"
