"member_id","member_lat","member_lon","member_name","member_city","all_event_ids"
33727102,38.6300010681152,-121.330001831055,"shuzhao","Carmichael","77866212,78857672,81576772,89938682,98077122"
