"member_id","member_lat","member_lon","member_name","member_city","all_event_ids"
44373532,38.2999992370605,-76.5199966430664,"Alex Moreno","California","58306422,61128962,61129262,63249172,71555302,96952562"
