"venue_id","venue_lat","venue_lon","venue_name","venue_city","all_event_ids"
1335623,37.806664,-122.279323,"San Diego Yoga Loft","California","14261147"
1335632,32.726967,-117.164709,"TBA ","California","14261222|14935314"
1335679,32.726967,-117.164709,"Delete this venue","California","14261200|14288941|14288059"
1335691,32.748498,-117.161121,"Path of the Feary Seer ","California","14262013"
1348366,36.974117,-122.030796,"Santa Cruz Triathlon","California","14422800"
1573855,37.77493,-122.419416,"Civic Center","California","17095477"
