"member_id","member_lat","member_lon","member_name","member_city","all_event_ids"
7572884,34.0699996948242,-117.940002441406,"The Firkins - Mark","West Covina","10231994,10586179,10946668,11800476,11888063,11901372,14979021,8251173,8685219"
60829692,34.0699996948242,-117.940002441406,"tony gomez","West Covina","80725672,82830532,82831222,84555722,84556222"
