"member_id","member_lat","member_lon","member_name","member_city","all_event_ids"
3599995,33.1500015258789,-96.0999984741211,"Gayle","Greenville","15685198,15887492,15890062,16461191,22961631,33483382,33944162,48968602,84383062,95450902,99130532,dwfghdyqpbgc,dwfghdyqqbdc,dxpthdyqnbjb,dxpthdyqpbfb,dxpthdyrcbhb"
9467899,33.0699996948242,-96.0899963378906,"Ken","Greenville","10426216,13634135,14072369,16200120,23037731,35499302,43618302"
10535295,33.1500015258789,-96.0999984741211,"Katrina Vessell","Greenville","11821053,12359732,16052017,18467851,20049561,28040571,39296732,56419862,61719562"
14539454,35.6300010681152,-77.4400024414062,"Robert Hochberg","Greenville","50941992,75167272,76105602,77561862,79055152,80791012"
14586619,33.2000007629395,-96.1100006103516,"Arnie Abramson","Greenville","104067692,104279932,104281472,105064352,17447271,18232811,23704951,27373391,29419951,32765152,38438352,40529712,45959512,48215302,51554682,54220642,62047642,65846952,68978832,69891762,71580442,72724552,72773482,75270112,77298012,78755962,78761282,82439932,82441102,86212782,88452322,89379032,90551032,92308892,93518942,96319662,96320062,97730652"
42629032,33.1500015258789,-96.0999984741211,"Laura Ragan","Greenville","100048712,103169692,105878472,47966932,48014792,59206672,71812442"
54332702,34.8499984741211,-82.4000015258789,"Jerrin Joseph","Greenville","100186352,101889402,102719852,103128492,103155242,103269362,103356402,92600572,98291422,99743932,dntnjfyrdbwb"
57453932,33.0699996948242,-96.0899963378906,"Andrew Judd","Greenville","73500442,dsnsncyqlbjc,dsnsncyqmbfc,dsnsncyqmbmb,dxkzndyqnbcc,dxkzndyqpbgb,dxkzndyqqbdb,qdlhldyqnbkb,qtcpfcyrcbhc,qtcpfcyrdbcb,qtcpfcyrdbdc,qtcpfcyrdblb,qtcpfcyrdbtb,qtcpfcyrfbcb"
64172932,33.1500015258789,-96.0999984741211,"Linda Lou","Greenville","86876222,94841042,dfbfzdyrcbpb,dfbfzdyrdbtb,dqxdzdyrcbgb,qcsrhdyqnbhc,qcsrhdyqpbdc"
