"venue_id","venue_lat","venue_lon","venue_name","venue_city","all_event_ids"
1473202,33.759907,-117.822433,"Tustin Office - TEXT or Call Donna Lee for address and directions  714.724.2533   ","Tustin","16534043"
4263042,33.713425,-117.805458,"PT Creations","Tustin","39735722|43591152|43591462|43597522|50607502|56223922|59935522|60898332|63979582|69752782"
9177172,33.733704,-117.822685,"Kundan's Cuddle Dome","Tustin","81710382"
