"venue_id","venue_lat","venue_lon","venue_name","venue_city","all_event_ids"
713720,37.899866,-122.298482,"Mel-O-Dee","El Cerrito","16153595"
819544,37.901341,-122.299956,"Starbucks, San Pablo & Fairmont","El Cerrito","10174554|10180764"
1430051,37.899583,-122.302319,"Tatami Multi Arts","El Cerrito","16567127|16841793"
1559951,37.899643,-122.302261,"Tatami Multi Arts ","El Cerrito","28397991"
7091972,37.899586,-122.302307,"Tatami Multi Arts","El Cerrito","77056002|79843062|84301592"
11224122,37.916134,-122.310768,"Private home","El Cerrito","100137282"
