"member_id","member_lat","member_lon","member_name","member_city","all_event_ids"
8019261,34.0200004577637,-117.690002441406,"Michelle Negrete","Chino","103837062,73556522,81027102,83869322,85194342,85211922,86624622,dlfjkcyrcbhb,dxhlvcyqlbtb,pjtqsyqmbrb,pthptyqlbxb,qfswddyqlbzb,rcwrpyqlbvb,vfmknyqmbcb"
9332224,34.0200004577637,-117.690002441406,"Deborah","Chino","11545794,13672915,13965702,14228720,73241482"
