"member_id","member_lat","member_lon","member_name","member_city","all_event_ids"
5937702,34.0900001525879,-117.889999389648,"Dead Stiff","Covina","10323650,10739262,11832863,20588461,8707505,9177128,9894095"
