"member_id","member_lat","member_lon","member_name","member_city","all_event_ids"
3297742,33.7900009155273,-117.879997253418,"Kundan","Orange","15456380,16014463,16708355,17361321,cjvvqypgbqb,fdfgpypdbgc,phvxpypfbhb,zfghqyphbkb"
27967562,33.810001373291,-117.849998474121,"Ty Turner","Orange","36915932,59066482,73241482,75740012,84059902"
