"venue_id","venue_lat","venue_lon","venue_name","venue_city","all_event_ids"
322887,34.299999,-119.290001,"Santa Cruz Island via","Ventura","6022092"
754329,34.244518,-119.26432,"Island Packers","Ventura","14524659"
901218,34.277586,-119.289026,"VAGABOND INN- VENTURA","Ventura","9834214"
1412530,38.002989,-121.885349,"Ventura Harbor","Ventura","104229282"
1418362,34.248804,-119.259228,"The Sheraton Four Points","Ventura","15307818"
7131342,34.276875,-119.300598,"10 W Harbor Blvd","Ventura","64207552"
7135352,34.276615,-119.293137,"450 E Harbor Blvd","Ventura","64238972"
