"member_id","member_lat","member_lon","member_name","member_city","all_event_ids"
11011087,33.0499992370605,-97.4700012207031,"Paulo Gonzalez","Rhome","14401884,15010466,15260769,16087090,17428278,31925742,98494412"
43403352,33.0499992370605,-97.4700012207031,"Robert Lindsey","Rhome","67570452,72149312,83854262,87899572,95762342"
