"venue_id","venue_lat","venue_lon","venue_name","venue_city","all_event_ids"
128034,37.378853,-122.11566,"Pet Parade","Los Altos","5388775,7160679,9558156,12199050,17258847"
430596,37.37862,-122.115486,"Los Altos Grill","Los Altos","6743753"
726094,37.375374,-122.118202,"Shoup Park","Los Altos","8036578,10839135,30019411,78876092"
1088883,37.379082,-122.116406,"Sumika Grill","Los Altos","100120372"
1279176,37.380161,-122.114571,"Firefly Willows","Los Altos","17443884,22247901,22205811,30249311,35206702,35208842,37529832"
2989681,37.377937,-122.116898,"Opa!","Los Altos","44448612"
