"member_id","member_lat","member_lon","member_name","member_city","all_event_ids"
9615006,39.2700004577637,-121.019996643066,"Ken Krugler","Nevada City","10877366,11166700,12229988,12710846,13002132,13048582,13546804,15933047,16116942,41280372,62118202,62452912,xzmpqypfbvb,xzmpqyplbwb,xzmpqyqdbtb"
