"member_id","member_lat","member_lon","member_name","member_city","all_event_ids"
13329416,35.2599983215332,-120.650001525879,"Regina P. Brown","San Luis Obispo","101136072,50970802,65132132,66818512,76069512,92984612,96134692,bclnqypmbcc,bclnqyqcbxb,qwpzhdyqmbbc,qwwcncyqkbpb"
15130171,35.2599983215332,-120.650001525879,"Gary DuBois","San Luis Obispo","20642601,21552391,21736441,23365791,24860851,30539301,31251952,32016002,32760532,34612982,35621092,36576542,36990802,38051732,38800442,39441222,40820632,43166202,47712462,72670852"
34702622,35.2599983215332,-120.650001525879,"Shalee","San Luis Obispo","46572782,46873752,47297472,49041722,49646372,50809852,53590072,qsqkbcyqdbqb"
