"member_id","member_lat","member_lon","member_name","member_city","all_event_ids"
7490688,38.4099998474121,-121.430000305176,"Toni J. Farrell","Elk Grove","16654969,16823395,17517826,22336681,46903432"
11281101,38.439998626709,-121.279998779297,"Lex Ricketts","Elk Grove","12324869,12561219,12650027,12832794,12963899,13172181,13733638,13872535,14136225,14284960,14462063,14702476,15148189,15376216,15566453,15670442,15894646,16108022,16486929,16859972,17224872,24654621,29123531,34297082,36499942,52179412,54075002,59391492,64135482,82347542"
34861772,38.4099998474121,-121.430000305176,"Kathee","Elk Grove","44851232,45025032,49034922,49146092,49720362,54859812,57488042,58978202,59127832,61677592,62142572,62448682,63831782,68761272,72258592"
