"member_id","member_lat","member_lon","member_name","member_city","all_event_ids"
12828865,32.2799987792969,-95.3000030517578,"Richard Kelly Moore","Tyler","12038219,15045967,15046037,15047903,15170551,22961631"
12856148,32.2999992370605,-95.1999969482422,"Richard Moore","Tyler","12169046,13600196,14755735,14959957,15037956,15045967,15046037,15047903,15051957,15052010,15052080,15096220,15809946,gsbdpynmbfc,pbtbqynqbnc"
24941312,32.2799987792969,-95.3000030517578,"Cynthia Mills","Tyler","104997002,53355512,55347232,57395762,57543332,59616722,62899882,64538962,65251422,66239832,70643492,71679342,72205992,73947982,76568902,77570152,78331212,78803072,80258442,81817722,84155952,85659832,90370552,91580622"
32681292,32.3300018310547,-95.2900009155273,"MDK","Tyler","48557252,50402892,52930132,52931482,52932482,53647322,53647642,53702942,53703342,53705252,54551512,54822552,58555982,58968322,60702202,60702992,60784442,60784852,67134522,67134702,67135162,67135502,67136592"
41433722,32.2799987792969,-95.3000030517578,"wesapex","Tyler","36281712,54689202,56023142,56395632,fchgpyqgbgb,qwgghcyqfbtb,smwxqyqgbhb"
57606752,32.2799987792969,-95.3000030517578,"Tyler Nelson","Tyler","102105782,66342412,85450672,89477482,89537262,94886062"
