"member_id","member_lat","member_lon","member_name","member_city","all_event_ids"
4136326,29.8199996948242,-95.75,"Keenan I. Nichols","Katy","11106679,15478104,16591045,6096268,6325796"
5905258,29.7700004577637,-95.7399978637695,"Fancy Nancy ~ Gold Girl","Katy","19835941,dztxqyphbfb,kzxgnypjbcb,lfnrqyphbgc,lfnrqypkbjc,nmjfpyphbrb,pknxrypjbkc,pknxryqdbkc,sdzgnypgblc,sdzgnyphbjc,sdzgnypjbfc,sdzgnypkblc,sdzgnypnbkc,sdzgnypqbdc,sdzgnyqdbfc,sdzgnyqhbgc,sdzgnyqjblc,sdzgnyqmbkc,vwxgnypgbhc,wkjgnyqdblc,ztgsqyplbpc"
9647901,29.7700004577637,-95.7399978637695,"Cherisse","Katy","11699034,11948379,12103468,12105583,12144489,12144496,12144540,12237511,12413648,12413672,12413678,12936267,13060427,13816856,ttdlnynhbnc"
10341447,29.7700004577637,-95.7399978637695,"Ellany","Katy","15869327,17231667,44741012,51687352,86406952"
