"member_id","member_lat","member_lon","member_name","member_city","all_event_ids"
2170271,33.1699981689453,-96.4899978637695,"Scott Beseda","Princeton","10247590,10608338,10869974,71642952,89506272,9355844,9992785"
3319876,33.1699981689453,-96.4899978637695,"David","Princeton","10562716,10703557,10800730,11061441,11117612,11171203,11543881,11872251,11872683,12269709,13390040,14453273,15089894,16190579,24360321,32169682,38789642,41653822,48684112,56867502,7378687,7405696,7526391,7526651,7614162,8013436,8232555,8583658,8836795"
9031222,33.1699981689453,-96.4899978637695,"brad askew","Princeton","10709672,11165718,11206258,11278819,12216941,12492329,llktnynjbdc"
37430292,33.1699981689453,-96.4899978637695,"Larry Wingo","Princeton","100452992,53299992,53338022,58275332,58275962,58486252,63088322,67791192,79245572,83006182,88593772,96881222,96881842,97147172,97152942,97155362,97157592,97157612,97837002,chblryqfbgc,chblryqgblc,clblryqfbnb"
45175082,33.1699981689453,-96.4899978637695,"Jim Hudson","Princeton","74577752,80291352,dmlbzcyqlbwb,dtgcpyqqbbc,qdhgpdyqnbpb,qnpqmdyqnbgb,qnpqmdyqpbcb,qrdxkdyqmbkc,qrdxkdyqmbrb,qrdxkdyqnbhc,qrdxkdyqnbpb,qrdxkdyqpblb,wkjgnyqlblc"
