"member_id","member_lat","member_lon","member_name","member_city","all_event_ids"
7217945,33.7700004577637,-96.6699981689453,"Jimmy Carter","Pottsboro","10807954,11891113,13326381,13888915,14232323,14452641,9126594,9141712,9141713,9261862,9261866,9261869,9278550,9354530,9533097,9667526,gdtxpypcbcc,mzkdnynlbbc,nrghpynnbtb,nrghpynpbzb,tffhqypdbxb,tffhqypfbxb,tffhqypgbtb,tzlrqyqfbjb,tzlrqyqgbfb"
7945996,33.7700004577637,-96.6699981689453,"Kay","Pottsboro","10454487,10527594,10527608,10644714,10748010,10748023,11040243,11357038,11357056,11656187,11734085,11734129,11775398,12122477,12216549,12216584,12392625,12401826,12525743,12525824,12767247,12767372,13301181,13342963,13709922,14435736,17317063,29265321,fclwnynmbpb,fclwnynpbrb,fclwnynqbpb,fclwnypdbqb,fclwnypgbmb,fclwnyphbsb,fclwnypkbmb,fclwnyplbrb,fclwnyqnbbc,ffcxnynmbjc,ffcxnynpblc,ffcxnyphbmc,ffcxnypmbhc,lfmxpypdbrb,lfmxpypfbrb,ljbvqypgbvb,wdmxpypfbhb,wdmxpypgbdb,wdmxpyplbjb,wdmxpypnbcb,wdmxpypqbfb,wdmxpyqnbjb"
