"member_id","member_lat","member_lon","member_name","member_city","all_event_ids"
3186448,37.9300003051758,-121.919998168945,"aspen","Clayton","101219532,10687307,16625947,43292992,43873612,48353192,53081252,60874712,83136812"
8039240,37.9300003051758,-121.919998168945,"MARIA","Clayton","10136929,10137671,10230773,10296283,10296473,10296528,10297171,10359578,10410446,10448695,10661706,11010022,11010080,11037678,11070175,11092728,11094732,11109845,11132326,11132446,11132616,11537889,12610201,12965091,13741552,13968086,14017297,16093936,16383143,9477985,9478036,9549537,9586932,9656261,9722707,9824991"
9483886,37.9300003051758,-121.919998168945,"Alan","Clayton","103393952,12703708,12714165,14383527,14593869,76288972,87065662"
10603660,37.9300003051758,-121.919998168945,"Wayne Miller, Cr.Photog., CPP","Clayton","24137311,24140391,28688741,34147372,34564582,34568152,40087212,46708072,53781252,57724092,87418602,90678922"
11367045,37.9300003051758,-121.919998168945,"Michael","Clayton","15891675,17544696,35329422,43849792,58734492,59399532,60142982,60147372,65086432,68715972"
11387492,37.9300003051758,-121.919998168945,"Derald","Clayton","103342482,89924762,89925192,90119262,90120672,91082272,92226882,92227532,92229192,92293232,92296112,92299552,94657552,99626982,dsbfscyrcbnb,dsbfscyrdbrb,dsbfscyrdbsb,hzkfnyqqbzb,hzkfnyrdbbc"
17073571,37.9300003051758,-121.919998168945,"Pam Jensen","Clayton","53692652,58815752,66287512,68506592,72418192,78458152,82563852,91834002,95403872,98156972"
23220841,37.9300003051758,-121.919998168945,"Theresa ","Clayton","58691242,72480322,82731822,89938682,91707302"
34768432,37.9300003051758,-121.919998168945,"Sharam","Clayton","63604992,70237012,72420402,74269082,74449162"
