"member_id","member_lat","member_lon","member_name","member_city","all_event_ids"
16731411,33.4700012207031,-117.699996948242,"Mark Ex","Dana Point","103171272,31077081,31283162,33284552,52884032,59922452,65751662,75689922"
