"member_id","member_lat","member_lon","member_name","member_city","all_event_ids"
25745842,30.6000003814697,-96.3099975585938,"Chris Tobaben","College Station","31963412,38754102,46822972,50594952,52860422,55315222,57591582,72040142,75932492,79073332,85383692"
