"member_id","member_lat","member_lon","member_name","member_city","all_event_ids"
8194015,38.4900016784668,-122.980003356934,"Liza Loop","Guerneville","52179412,60319882,63359692,64135482,64486262,82347542,97737902"
