"venue_id","venue_lat","venue_lon","venue_name","venue_city","all_event_ids"
249376,37.337513,-122.04075,"Homestead Lanes","Cupertino","6001771,6222799,7544015,7688602,7688829,7689063,7689078,7689085,7689093,9399963,10059564"
395827,37.32294,-122.04625,"Memorial Park (Cupertino)","Cupertino","6515783"
687488,37.322664,-122.006866,"Roasted Coffee Bean","Cupertino","8029365,8069228,8209967,8275466,8606763,8895353,9116044,9522487,9587584"
703174,37.325031,-122.012779,"Strike Cupertino","Cupertino","7689090"
737508,37.32754,-122.019636,"Portal Park","Cupertino","8548942"
751889,37.321983,-122.03392,"Hong Fu Chinese Restaurant","Cupertino","12130394,15784666"
789973,37.331354,-122.031791,"BJ's Restaurant and Brewhouse","Cupertino","15215336"
1388286,37.301238,-122.06812,"Fremont Older Open Space Preserve","Cupertino","14927195"
