"member_id","member_lat","member_lon","member_name","member_city","all_event_ids"
3272616,22.2299995422363,-159.479995727539,"quan","Princeville","11644417,11885376,11910235,12007537,12038308,12096579,12249693,12267834,12414801,12460393,12704215,13405866,13556520,14170551,15296708,15915199,16450639,16450666,33708642,38521192,41280372,57920882,6948710,7522084,75440932,7578435,7628645,77819922,8202062,9130485,9799531,cmrfsypmblb,cwblvypqbzb,hkfvpynqbxb,qjmlnynjbcc"
