"member_id","member_lat","member_lon","member_name","member_city","all_event_ids"
9496373,36.8499984741211,-121.540000915527,"karla patterson","San Juan Bautista","10556528,11045012,11059846,13041736,70934652"
30401982,36.8499984741211,-121.540000915527,"Alan D","San Juan Bautista","50191192,58789232,65535152,70845322,96786172,98883002"
