"member_id","member_lat","member_lon","member_name","member_city","all_event_ids"
4015041,-33.8699989318848,151.210006713867,"Jodee Rich","Sydney","11059643,6898202,7073335,7578435,8872509"
7336980,-33.8699989318848,151.210006713867,"Justin Snider","Sydney","12156805,12564564,13071802,7796966,7975680,8034305,8037206,8069177,8090442,8131187,8174536,8205602,8205617,8441414,8441430,9442336,xnjhnynjbmb"
11407623,-33.8699989318848,151.210006713867,"Aaron Iba","Sydney","dnvsfdyqnbgb,dnvsfdyqpbcb,qnsgtcyqmbhc,qnsgtcyqnbfc,qnsgtcyqpbkc,qnsgtcyrdbjc"
11512790,-33.8699989318848,151.210006713867,"Vicki Tourtouras","Sydney","71450812,75205852,dlhlwcyqlbfb,dstvkcyqkbjc,qstdlcyqkbvb,qstdlcyqlbbc"
12090318,-33.8699989318848,151.210006713867,"Hana Phung","Sydney","17064537,17445646,28854751,41115122,48384652,78262962,78439662,plrbsypjbtb"
13410466,-33.8699989318848,151.210006713867,"Anthony Marcar","Sydney","dnvsfdyqpbcb,dnvsfdyrdbkb,qnsgtcyqpbkc,qnsgtcyrdbjc,qwhxscyqkbhb,qwhxscyqlbdb"
13978952,-33.8699989318848,151.210006713867,"Pat Thomas","Sydney","dbsvfdyqlbbc,dbsvfdyqlbjb,dbsvfdyqlbkc,qwvvhdyqmbfb,qwvvhdyqmbnb,qwvvhdyqmbwb"
14406193,-33.8699989318848,151.210006713867,"Peter Watts","Sydney","16615821,18232441,33249202,33708642,pwwltypkblc"
31740492,-33.8699989318848,151.210006713867,"Victor Jiang","Sydney","103683932,86483842,86878152,dlhlwcyqkbbc,dlhlwcyqkbkc,dlhlwcyqlbgc"
