"member_id","member_lat","member_lon","member_name","member_city","all_event_ids"
12957026,35.7000007629395,-105.970001220703,"Lien-Shin Wang Offermann","Santa Fe","59896742,78671742,88328792,88328892,94132722"
14579717,35.6199989318848,-105.970001220703,"Mark","Santa Fe","16543444,17202793,17435083,27316121,38285322,40323992"
