"member_id","member_lat","member_lon","member_name","member_city","all_event_ids"
8509119,38.5099983215332,-122.449996948242,"Bam Bam","Saint Helena","22015951,32670932,32685512,59871012,63220062,79353742"
