"member_id","member_lat","member_lon","member_name","member_city","all_event_ids"
43906922,32.9099998474121,-96.1399993896484,"Lora","Quinlan","102061922,73962372,76742612,77011752,95732732,95733422"
