"member_id","member_lat","member_lon","member_name","member_city","all_event_ids"
8110209,20.6200008392334,-105.230003356934,"PATRICK","Puerto Vallarta","10076924,10176601,10292273,10346442,10370568,10541551,10559545,11331725,11380086,11380883,12229249,12424738,12821090,13030020,13062836,13210608,13210677,13283582,13579549,13976852,14383838,14383866,14383928,28016301,34222202,43311742,47610112,53682662,56288062,9014633,9263372,9304548,9812846,9834214,9897746,9929352,9971131,9995997"
