"member_id","member_lat","member_lon","member_name","member_city","all_event_ids"
484804,31.2299995422363,121.470001220703,"David V.","Shanghai","10025735,10377543,10481976,10713351,10798684,11515991,12346397,12649027,5136554,5273658,5341140,5406508,5485391,5612324,5670535,6002429,6175581,6176289,6182611,6580337,7368037,7760805,8650275,8892133,9361404,9908631"
2175813,31.2299995422363,121.470001220703,"Ziad","Shanghai","21601851,bmvjqypjbqb,bmvjqyplbsb,cjtzvypqbpb,dbnkrcyqhbrb,qbcxxcyqkblb,qcnrhcyqhbkc,qqvljcyqcblb,qqvljcyqfbpb"
7545495,31.2299995422363,121.470001220703,"Stuman","Shanghai","11145133,11620124,13311471,15036983,36405642,8924377,9404788"
8664764,31.2299995422363,121.470001220703,"Bryan Chao","Shanghai","38029722,pqfvrypnbkc,pqfvryppbgc,pqfvrypqbdc,pwwltypkblc"
53395832,31.2299995422363,121.470001220703,"xihao wang","Shanghai","82302952,82668712,84318962,93688712,dxrghdyqnbpb,qkzrjdyrcbrb,qvbfldyrcbnb,qzcfldyrcbnb"
