"venue_id","venue_lat","venue_lon","venue_name","venue_city","all_event_ids"
3779982,33.359353,-96.156844,"Good Earth Organic Farm","Celeste","36910812|40803642|40947012|42584732|43475712|47726682|49762982|52692542|73755522|81537132|50947052|75531222"
