"member_id","member_lat","member_lon","member_name","member_city","all_event_ids"
30209652,34.1399993896484,-118.019996643066,"Mike Laban","Arcadia","40348022,75740012,80408642,80419172,80423952,80950252,81149942"
