"member_id","member_lat","member_lon","member_name","member_city","all_event_ids"
6127195,38.4000015258789,-122.849998474121,"Matthew Heath","Sebastopol","51972152,51974812,52556312,52896792,58475222,58615562,61873462"
57747772,38.4000015258789,-122.849998474121,"Furqan Rydhan","Sebastopol","100689212,102080922,62756712,73725682,74843302,74843322,79096582,81353142,81775912,85047782,88175552,95384262,99211502,99966592,dgtlddyqlbtb,dgtlddyqmbzb,dgtlddyqnbwb,dzjbjcyrcbfc"
