"venue_id","venue_lat","venue_lon","venue_name","venue_city","all_event_ids"
236267,37.73569,-121.42578,"Great Plate the","Tracy","13226194"
1002459,37.739651,-121.425224,"The Delta","Tracy","13405501|13405577"
2917151,37.667301,-121.327492,"New Jerusalem Airport","Tracy","42951852|57139012"
3242212,37.696106,-121.40918,"Ramon Rios Vineyard & Winery","Tracy","31891342|31890972|31890552|33250992"
