"member_id","member_lat","member_lon","member_name","member_city","all_event_ids"
7150094,23.1299991607666,-82.3899993896484,"Adelein","Havana","11949987,13308905,13405866,13518857,14502784,16590308,90249062"
