"member_id","member_lat","member_lon","member_name","member_city","all_event_ids"
3642294,30.2800006866455,-81.4599990844727,"Clint Combs","Jacksonville","12104615,12334837,12559455,12863551,wfclnynjbmb,wfclnynnbrb,wfclnynpbnb"
6817765,30.4599990844727,-81.629997253418,"Vanessa","Jacksonville","11945610,12099439,12100919,12239904,12260401,12260424,12316901,12336718,12611081,12760914,12887796,12946851,13163782,13181836,13182060,13260184,13260933,13294454,13294842,13310409,13726686,13748806,13749513,13808488,13809333,13925207,13925267,14050731,14059913,14190309,14191502,14234926,14288971,14290177,14336695,14346478,14429109,14455144,15796707,15862110,15953212,15953498,16045811,16075429,16131693,16174896,16175092,16175817,16175932,16966622,16967417"
7386904,30.3299999237061,-81.7699966430664,"Michelle Raines","Jacksonville","11638887,53291702,54031492,8108142,9093232"
10977361,30.1900005340576,-81.4899978637695,"Rudy","Jacksonville","13007661,13026997,13029972,13732272,14640485,15449592,15720727,15720909,61591712"
11121301,30.1900005340576,-81.4899978637695,"Michelle Ketterman","Jacksonville","12280697,15525907,bbzgnynkbrb,hdzgnynpbmb,kmmvnynkbqb,kmmvnynpblb,kmmvnypcbnb,kmmvnypqbqb,ldzgnypcbjc,pzxgnynjbsb,sdzgnynhbkc,sdzgnynjbgc,sdzgnynnblc,vwxgnynhbgc,wkjgnyngbkc,wkjgnynpbfc,wkjgnypcbhc"
14182822,30.3099994659424,-81.5100021362305,"Jennifer Hughes","Jacksonville","18315291,23348151,49594772,zncdnypgbrb,zxqzqypkbrb"
14348496,30.3600006103516,-81.5800018310547,"Julia Samms","Jacksonville","100879052,102283212,88641952,92600572,92600822,92634262,94256882"
50935382,34.7599983215332,-77.4300003051758,"Jason Collins","Jacksonville","65714612,67854652,68986452,qjhqhcyqjbsb,qjhqhcyqlbmb"
