"member_id","member_lat","member_lon","member_name","member_city","all_event_ids"
3462626,35.5800018310547,-97.6399993896484,"Tim H","Oklahoma City","10126773,10126872,10126891,10126946,10127031,10234896,10397763,10613576,10768632,11635994,12208716,12756003,12824736,13390644,13472711,13683953,14114096,14797839,16772537,32879722,51667802,53613132,5685165,5787364,5867794,5903509,5956230,5976736,6043710,6052942,6111800,6146987,6147964,6167531,6217596,6270658,6369532,6369669,6369675,6400202,6400387,6400544,6400583,6405833,6966112,6966117,7146657,7190305,7244721,7352235,7359284,7468994,7524538,7532357,7619425,7657431,7678885,7713190,7761491,7781749,7834960,7969000,7989055,7993238,7993310,8042361,8080289,8170067,8517138,8517141,8517217,8856718,8906370,8906384,9264937,9328743,9420813,9458320,9484847,9529535,9751721,9832307,9846883,9912106,9946387,9947746"
61240132,35.4900016784668,-97.5599975585938,"shone","Oklahoma City","101071862,80909382,81436282,82007882,82104552,83559652,84131502"
