"member_id","member_lat","member_lon","member_name","member_city","all_event_ids"
746127,36.6100006103516,-121.839996337891,"Walt","Seaside","103251162,85327482,89242812,89281942,91677762,95103502"
