"member_id","member_lat","member_lon","member_name","member_city","all_event_ids"
30939622,34.0400009155273,-117.76000213623,"mohamed hamdy","Pomona","54475772,56891142,58104312,59077182,59404932,80783032,81943992,87495482"
