"member_id","member_lat","member_lon","member_name","member_city","all_event_ids"
8744365,39.0800018310547,-94.5800018310547,"Heather","Kansas City","12232204,12235625,12384323,12440984,12531474,12574008,12588012,12632291,12709865,12721373,12726722,12737684,12803752,12808613,12811850,12814078,12828488,12836771,13003422,13006180,13070092,13100564,13104428,13147741,13323105,13694559,14162698,14245360,14609626,15564858,16394934,47768112,47772982,47775152,47921232,48667732,48863982,49049762,67431732,67432022,75082012,cnwkxyplbcb,dfgzddyqlbrb,gnxmnynhbwb,hplhnyngbjc,phphzyppblc,phphzyppbsb,phphzyqfbzb"
9997925,39.060001373291,-94.5899963378906,"Chris Christensen","Kansas City","12365697,12499970,12618102,13318123,13909239,mpkrnynjbmb,mpkrnynkbsb"
