"member_id","member_lat","member_lon","member_name","member_city","all_event_ids"
13911390,39.3499984741211,-120.190002441406,"Ross Dakin","Truckee","15481197,40058152,40058482,52365812,81353142"
