"member_id","member_lat","member_lon","member_name","member_city","all_event_ids"
813016,39.4799995422363,-0.389999985694885,"Keilah","Valencia","86758102,90183872,9235089,9448067,9733541,9963862"
8552049,34.4000015258789,-118.529998779297,"HAL ","Valencia","11337619,11998357,11998366,12010054,12201981,12241203,12267832,12549329,12562258,12611377,13138859,13242296,13492571"
