"member_id","member_lat","member_lon","member_name","member_city","all_event_ids"
4440792,36.3400001525879,-119.300003051758,"Stephanie","Visalia","10543588,5950272,6122945,7648653,9565426"
7994006,36.310001373291,-119.309997558594,"Bulett","Visalia","104471022,57565122,59399532,60114032,65086432,67716082,82077832,89938682"
12583889,36.310001373291,-119.309997558594,"Roky Miller","Visalia","13549780,13549899,13575145,13575168,15046905,15139064,wbpspynpbgb,wbpspynqbmb"
