"member_id","member_lat","member_lon","member_name","member_city","all_event_ids"
1509150,36.6199989318848,-121.919998168945,"Bill Wiltschko","Pacific Grove","17097551,17917601,19547111,21547041,25621391,25646271,29850771,35208542,53552042,57963292,67617712,71341832,vmwlqypjblc,vmwlqyplbfc,vmwlqypmbkc,vmwlqypnbhc,vmwlqyqcbgc,vmwlqyqgbgc"
8384918,36.6199989318848,-121.919998168945,"Jim Loki ","Pacific Grove","10177179,11570090,11578890,11765404,12770819,13180829,14061071,20076021,21692911,25925121,41204952,44789012,47777902,50187202,50515612,50642182,54003442,83488322"
