"member_id","member_lat","member_lon","member_name","member_city","all_event_ids"
4294423,43.0699996948242,-70.7799987792969,"Tom","Portsmouth","14195051,14434096,16314653,17270319,17270336,17403748,41386052,49331182,51599672,54564342"
8858593,41.5800018310547,-71.2699966430664,"Navy CFL","Portsmouth","10003284,10073174,10076924,10157280,10176601,10202069,10292273,10346442,10538568,10665279,10727094,10739262,10916518,10918424,10985800,11052404,11104480,11179916,11206827,11272972,11331725,11438893,11578394,11953037,12093730,12123337,12124547,12218431,12362942,12393576,12615093,12654190,9898403,9995997"
