"member_id","member_lat","member_lon","member_name","member_city","all_event_ids"
528943,37.8499984741211,-122.019996643066,"Ben","Alamo","13796141,14355693,14355746,16476883,17252182,43357432,51381732,51385312,7745851,7814824,8100771,84680642,8908800,93894952,93895222"
3281282,37.8499984741211,-122.019996643066,"Kathryn","Alamo","10296483,11378279,14263108,14477860,14488649,14647037,14808638,15891804,15958439,16333405,16389171,16894577,25334641,45025032,67063252,67663092,76464342,76741932,78916542,86047462,97648542,9947011"
5995334,37.8499984741211,-122.019996643066,"Keith","Alamo","10136929,10297872,11091083,11091112,11350288,11556043,11596731,11812682,12231317,12431628,15427584,15469252,15548689,9478036,9656261"
9039565,37.8499984741211,-122.019996643066,"Jeff","Alamo","11812682,11870403,12017305,12066020,12085363,12431628,12555962,12743776,13235097,13525732,15526696,15548689,18277301,35329422,47803322,74987682,77340882,78982972,86166812,87010842"
13194665,37.8499984741211,-122.019996643066,"FamilyNation","Alamo","103026062,105834802,47507882,vjtkpynnbxb,vjtkpynqbbc,vjtkpypdbcc"
13209466,37.8499984741211,-122.019996643066,"Debra ","Alamo","15548689,15891675,17544696,21320741,29263941,47620812,47803322,50826232,53474232,65086432,75709582"
29819202,37.8499984741211,-122.019996643066,"Nash","Alamo","33486572,43873612,48804272,83136812,dsbfscyqgbpb,dsbfscyqhbmb,dxzdxcyqjbqb,fldqqypqbqb,fldqqyqcbmb,fldqqyqdbsb,qzzdxcyrdbqb"
