"venue_id","venue_lat","venue_lon","venue_name","venue_city","all_event_ids"
176058,37.844685,-121.985435,"Oak Hill Park","Alamo","11132446|13967620|14132769|14340130|14449650"
754802,37.850245,-122.032424,"Alamo Plaza","Alamo","8692840"
1095130,37.852661,-121.927264,"Mount Diablo - Rock City Picnic Area","Alamo","18094021"
2863151,37.837898,-122.031677,"Westminster Retreat","Alamo","26531121|28126101"
3647482,37.87863,-121.913176,"Mount Diablo Lower Summit Parking Lot","Alamo","35936992"
6437942,37.850655,-122.033958,"225 Alamo Plaza","Alamo","81496462"
6547172,37.850887,-122.032669,"Mt. Diablo, Juniper's Campground --SEE BELOW","Alamo","56578682"
