"member_id","member_lat","member_lon","member_name","member_city","all_event_ids"
7321185,32.7799987792969,-115.569999694824,"Danielle","El Centro","15285892,86832262,93256612,93701602,93836382,96363762"
