"member_id","member_lat","member_lon","member_name","member_city","all_event_ids"
11171082,44.9900016784668,-93.1800003051758,"Rick Bajema","Saint Paul","12286205,12515194,12515602,12808679,12864578,12874480,12948830,13467828,13796596,13796693,15004491,15959524,16628762,17247673,21121101,jsbmqypdbbc,jsbmqypfbkc,nndtpynpbcc,rjfpnynjbkc,rjfpnynkbhc,rjfpnynlbdc,rjfpnynmbjc,rjfpnynpblc,rjfpnynqbjc,rjfpnypcbfc,rjfpnypdbkc,rjfpnypfbkc,rjfpnyphbdc"
23952592,45.0099983215332,-92.9599990844727,"Linda Halvorson","Saint Paul","101826212,74452482,75366332,77826112,78243612,78655482,78656182,78657252,79233252,79376622,82136402,82568762,84167202,96533722,99139912"
