"member_id","member_lat","member_lon","member_name","member_city","all_event_ids"
9671757,32.5200004577637,-96.620002746582,"Suzanne","Ferris","10654074,10986189,11156792,11176758,12799889,14983847,15057952,15253105,15280188,15570028,15649108,ntnsqypgbfc,stnsqyqcblc,znwlnynmbhc"
12746059,32.5200004577637,-96.620002746582,"Patricia Droste","Ferris","100368592,14191386,31997292,41723872,42004582,42813032,44688182,45582472,qcwvbcyqhbqb"
