"venue_id","venue_lat","venue_lon","venue_name","venue_city","all_event_ids"
61480,37.256584,-122.03484,"Knitting Arts in Saratoga","Saratoga","5150598,5156587,5218139,5222890,5324335,5324337,5348809,5349384,5384455,5423098,5498195,5524549,5577826,5615521,5678525,5804883,6006440,6107715,6226702,6469730,6948710,7155705,7251319,7251335,7508724,7597949,7597998,7598008,7840334,7840337"
201977,37.266422,-122.020859,"Paula & Ben's House","Saratoga","11287348,11640050,12080411,12278654,12457232,12847160,13045000,13350831,13644406,14054248,14325555,14681061,14904618,15345928,15555474,15820292,16329583,41214622,65926942,dnkrbdyqjbkc,dnkrbdyqkbhc,dnkrbdyqlbdc,dnkrbdyqmbjc,dnkrbdyqnbgc,dnkrbdyqpblc,dnkrbdyqqbjc,dnkrbdyrcbfc,dnkrbdyrdbkc"
270434,37.290783,-122.0046,"Paula & Ben's House","Saratoga","19759561,48394602,58279682"
680081,37.235519,-122.063524,"Sanborn County Park","Saratoga","8574916"
789726,37.230157,-122.094383,"Castle Rock","Saratoga","12001336"
