"member_id","member_lat","member_lon","member_name","member_city","all_event_ids"
2937639,32.6500015258789,-96.5599975585938,"Viv","Seagoville","100571232,10562716,10597640,11177563,11243186,11290544,11388670,11988014,12097246,12300106,12319884,12597941,12805422,13051725,13938830,14292725,14572678,14732436,14888650,15260769,15753301,15872107,16354294,16444794,16489316,16569674,16655260,16967186,22227621,22434711,32183092,33489622,35897492,35986022,47775342,51359432,53789932,55992102,57303532,62383162,64915782,64948932,64949122,70535942,71613482,72019632,74796522,77337472,77659932,77667332,7793267,7839330,7888150,79418932,79421932,79691492,8013383,80208732,8039148,8058624,8214741,8321198,8438441,85317352,8549294,8608279,86796472,8737321,8952571,8986229,9279509,9311726,9318964,9351721,9468944,9707232,9717638,9764658,9856475,9984750,ggbbpypfbcb,ggbbpypmbjb,qndhnynkbkc,qndhnynkbrb,qndhnynlbnb,wpbdnynfbfc,zsrnnynmbpb"
4018016,32.6500015258789,-96.5599975585938,"Bill","Seagoville","5589123,5762232,5782298,5830556,5889301,6004690,6010817,6038933,6100497,6897607,8259018"
4161297,32.6500015258789,-96.5599975585938,"Rebecca","Seagoville","10953308,10953357,11303707,12121046,12284602,12777018,13312647,15910273,49734902,49737612,jdjwnynjbfc,jdjwnynkbsb,rhqtnynjbzb,rhqtnynkbwb,rhqtnynlbcc,rhqtnynnbvb,vpjzpyqcbcc,vpjzpyqmbtb"
10256901,32.6500015258789,-96.5599975585938,"Billy Easterly","Seagoville","81325372,81717712,82714502,83832702,86021522,86675142,89168722,90035032,91198102,92214382,92921602,94064652,95726882"
10481675,32.6500015258789,-96.5599975585938,"Chavella Stephens","Seagoville","14455144,15186943,15862110,15953498,16875793,16875848,20922461,21400671,23856641,40685532,41174652"
47967002,32.6500015258789,-96.5599975585938,"Toni Campbell","Seagoville","dpxckdyqpbtb,dpxckdyrcbwb,dvnkjfyrdbvb,ttwrpyqhbgc,ttwrpyqhbpc,ttwrpyqhbwb,ttwrpyqjbcc,ttwrpyqjbkb,ttwrpyqjbsb,ttwrpyqkbhb,ttwrpyqkbjc,ttwrpyqkbqb,ttwrpyqkbzb,ttwrpyqlbfc,ttwrpyqlbmb,ttwrpyqlbvb,ttwrpyqmbjb,ttwrpyqmbkc,ttwrpyqmbrb,ttwrpyqnbgb,ttwrpyqnbhc,ttwrpyqnbpb,ttwrpyqpbcb,ttwrpyqpbmc,ttwrpyqpbtb,ttwrpyqqbbc,ttwrpyqqbrb,ttwrpyrcbgc,ttwrpyrcbnb,ttwrpyrcbpc,ttwrpyrdblc,ttwrpyrdbsb,ttwrpyrfbkb"
