"member_id","member_lat","member_lon","member_name","member_city","all_event_ids"
4744094,33.8699989318848,-118.050003051758,"MERRIAN","Cerritos","15124848,15247208,15702398,16577169,17187479,23468771,48462872,52726402,71312342"
