"member_id","member_lat","member_lon","member_name","member_city","all_event_ids"
2111780,42.4599990844727,-83.1399993896484,"Brooke ","Ferndale","12836878,13125779,13673958,13985129,14989750,15566228,15678955,16112537,16512252,17095200"
