"member_id","member_lat","member_lon","member_name","member_city","all_event_ids"
11505714,37.5999984741211,-121.889999389648,"Rao","Sunol","102592702,50248742,63222912,75296782,79150702,84494212,88646792,93464662,96928812,97824892"
