"member_id","member_lat","member_lon","member_name","member_city","all_event_ids"
25070852,37.7799987792969,-120.839996337891,"Jake","Oakdale","33756772,36768042,41067922,44035972,49472282,62682562"
