"member_id","member_lat","member_lon","member_name","member_city","all_event_ids"
11476042,39.1199989318848,-121.080001831055,"Sheri","Grass Valley","12635459,34344352,38213892,43028772,43029052,44110402,44110872,44111252,44111362,46989772,46998132,46998652,46999172,46999702,47000882,47001262,47001802,61456732,72679252,72679452,72679652,72679852,72680022,72680092,74643722,74644312,74644612,74644822,75380502,75380662,75380942,75381202,75381432,88712952"
