"member_id","member_lat","member_lon","member_name","member_city","all_event_ids"
21727591,36.3899993896484,-121.680000305176,"Vickie","Carmel Valley","33151732,42911832,43266552,55712022,57600462"
