"venue_id","venue_lat","venue_lon","venue_name","venue_city","all_event_ids"
1353806,32.65926,-97.23372,"Texas Scaregrounds","Kennedale","14494729|14598337|15678933|15678966|30641711|85982322"
1389377,32.627135,-97.200714,"Necropolis Haunted House","Kennedale","14939759"
2805751,32.626209,-97.194069,"Garden of Eden","Kennedale","84052512"
8907662,32.633354,-97.208153,"Red's Roadhouse Drive In Bar and Grill","Kennedale","79389082|83753942|83752522|83752892|99270212|98920752|103026742|99879892|101775082|101775432|101775562|101775612|101775872|101775972|101776622|101776672|101776732|101776912|79389322|90452982|101371582"
