"member_id","member_lat","member_lon","member_name","member_city","all_event_ids"
4544572,33.5299987792969,-117.709999084473,"Cathy C","Laguna Niguel","13781287,13864923,15143862,15461061,15600993,35641512,52471882"
4694978,33.5299987792969,-117.709999084473,"Jennifer","Laguna Niguel","27387841,30127691,81471132,cdjjwypnbwb,qkdxnynqbwb,qkdxnypcbkb,vvpcpypdbcb,vvpcpyplbdb,vvpcpypmbjb"
6951423,33.5299987792969,-117.709999084473,"Teresa Olvera","Laguna Niguel","9957010,cmmgsypnbgb,cmmgsyppbcb,cmmgsyqcbfb,cmmgsyqdbkb,cmmgsyqfbjb,cmmgsyqgbfb,cmmgsyqhbcb,cmmgsyqjbhb,cmmgsyqkbfb,cmmgsyqlbkb,cmmgsyqmbgb,cmmgsyqnbdb,cmmgsyqpbjb,cmmgsyqqbgb,cmmgsyrcbcb,cmmgsyrdbhb,pkmgsypjbkb,pkmgsypkbhb"
7141107,33.5299987792969,-117.709999084473,"Malaya","Laguna Niguel","14003436,14013162,14417938,78236862,8949451,89847722"
9095413,33.5299987792969,-117.709999084473,"Ariela","Laguna Niguel","101136072,33772972,34223612,54722212,95430152,dmlvhcyqdbdb,dmlvhcyqlbdb,dmlvhcyrcbfb"
15233531,33.5299987792969,-117.709999084473,"Colleen","Laguna Niguel","64250592,65730082,69047042,91162712,99623762"
