"member_id","member_lat","member_lon","member_name","member_city","all_event_ids"
7240712,33.2400016784668,-116.349998474121,"Dawn Zipper","Borrego Springs","12946331,13976173,14022925,14350210,14919539,15362453,15362563,15478994,15866235,16259511,16906824,17755291,22779091,24510621,37139682,68742302,69561502,74503412,cdlhpynmbxb,cdlhpynnbvb,cdlhpynpbbc,cdlhpynqbxb,cdlhpypcbtb,cdlhpypdbzb,cdlhpypfbzb,cdlhpypgbvb,cdlhpyphbcc,cdlhpypjbxb,cdlhpypkbvb,cdlhpypmbwb,cdlhpypnbtb,cdlhpyppbzb,cdlhpypqbwb"
8410483,33.2400016784668,-116.349998474121,"Hugh","Borrego Springs","10027138,10157280,10238534,11681448,11851760,11882119,11887415,12123337,12123444,12163502,12725745,13086876,13155318,13177375,13535788,9973701"
12412842,33.2400016784668,-116.349998474121,"Paige Rogowski","Borrego Springs","72939142,76720022,79956702,81667842,82522482,84939072,84948862,87084202,87433232,88574382,90817522,95392192,98809892,98810282"
