"member_id","member_lat","member_lon","member_name","member_city","all_event_ids"
2346596,39.4700012207031,-81.4800033569336,"Jillian","Marietta","10555535,11564562,13143036,13534299,6776590,9942493"
