"member_id","member_lat","member_lon","member_name","member_city","all_event_ids"
4529702,33.9099998474121,-117.790000915527,"Debra","Yorba Linda","10381087,13301041,17258125,28906511,5929604,6990516"
