"member_id","member_lat","member_lon","member_name","member_city","all_event_ids"
55618522,30.1200008392334,-97.2699966430664,"W","Bastrop","72912002,72912222,72913022,72914432,75434762,76626012,76626652,76628792,76628822,76702312,82284792,82288352,82302172,82385442,85703302,85704892,85705092,92552482,92552712,92578082,93507082"
