"member_id","member_lat","member_lon","member_name","member_city","all_event_ids"
9598065,34.0999984741211,-118.410003662109,"Linda","Beverly Hills","10812605,11326371,11326411,11374969,11591088,13115347,13244619,13315806,13401014,13564596,13566340,13659623,13826525,13993366,14313057,14656508,15285940,15768387,16578584,16591918,16669211,16959015,17007345,17071006,17105930,17307348,17411269,24527041,25144981,26777341,31176882,35843162,38119272,40936312,45054402,49076182,50314762,51759832,57446012,60016422,66451902,71072942,76564192,76586632,86844382,94227622"
14920991,34.0699996948242,-118.389999389648,"Angel Birang","Beverly Hills","dfzhpdyrcbjc,djwwfdyqnbcb,djwwfdyqnblb,dtwbhdyqmblb,dxrqldyqnbdc,qrffbcypnbcb,qrffbcypnbtb,qrffbcyppbzb,qxgpccypnbzb,qztgbcypmbjc,qztgbcypnbfb,qztgbcypnbwb"
23592101,34.0699996948242,-118.389999389648,"Rui Xia","Beverly Hills","27669881,32692252,59689832,59896972,pfsbsyplbgc"
39876502,34.0699996948242,-118.389999389648,"Henry Wong","Beverly Hills","75744242,76748012,77819922,85444922,86490072,90532572"
48834692,34.0699996948242,-118.389999389648,"Chaokun Cui","Beverly Hills","72178882,96191962,96364092,96364922,96367982,dgkmzdyrcbmb,qllgscyqhbfc"
