"member_id","member_lat","member_lon","member_name","member_city","all_event_ids"
8310552,38.6800003051758,-121.160003662109,"Alicia","Folsom","14283250,14283349,14551488,14551513,16327816"
9650221,38.6800003051758,-121.160003662109,"Gary Bonie","Folsom","10607073,10607091,10607096,10677001,10969861,10969870,10969874,10969883,10969898,10969906,10969913,11164035,11164047"
10585883,38.6800003051758,-121.160003662109,"RP ","Folsom","15486903,15618592,15623016,15716603,15815008,15815069,15815170,15838612,16155440,19286571,39437182,59468802,79926982"
12962253,38.6800003051758,-121.160003662109,"Vyomini","Folsom","24169731,25550641,27195921,27197571,34291132,35421212,36349832,38664122"
13377493,38.6800003051758,-121.160003662109,"Ashok","Folsom","32075832,32758822,35388752,48046712,49515022,50507632,59102822"
