"member_id","member_lat","member_lon","member_name","member_city","all_event_ids"
7483294,32.0099983215332,-97.1100006103516,"Ron Smith (Rawhider Studios)","Hillsboro","101619272,101871172,104263522,104951802,104955052,11661040,11945605,12044816,12100763,12102870,12359714,12881476,12888512,13184336,14288971,15098062,15461148,15462236,15549297,15781719,15830346,15834290,15986607,16127758,16127778,16166013,16404966,16555401,16660422,16670607,16795363,18177181,67773872,81737302,96619752,dhqfgfyrdbfc,qblrgcyppblb,qblrgcypqbhb,qblrgcyqcbdb,qblrgcyqdbjb,qblrgcyqfbhb,qblrgcyqgbdb,qblrgcyqhbkb,qblrgcyqjbgb,qblrgcyqkbdb,qblrgcyqlbjb,qblrgcyqmbfb,qblrgcyqnbcb,qblrgcyqpbhb,qblrgcyqqbfb,qblrgcyrcbkb,qblrgcyrdbgb,qqmgqdyqnblc,qqmgqdyqpbhc,qqmgqdyqqbnc,qqmgqdyrcbkc,qqmgqdyrdbgc"
