"member_id","member_lat","member_lon","member_name","member_city","all_event_ids"
9287144,33.8600006103516,-116.559997558594,"John T.","Palm Springs","15349064,25781501,27362301,31557292,40348022"
46430592,33.8600006103516,-116.559997558594,"Salvael Estrada","Palm Springs","55267362,62118202,64207922,66287622,67617712,67812382,68369802,69329312,72257522,74882712,dlhlwcyqjbcb,dstvkcyqkbjc,dstvkcyqlbfc"
