"member_id","member_lat","member_lon","member_name","member_city","all_event_ids"
5903320,37.9900016784668,-121.709999084473,"Susanne","Oakley","11004251,11277700,11338525,13340438,13709575,13795538,14283003,14283029,14842376,15168516,15256638,15256644,15636361,15901949,16055246,16075328,16499472,18232751,21076241,21910921,21912151,24692321,24692471,28048151,31464412,54142392,62551342,8247434,89151552,8931344,98377712,dfhqgcyppbmb,dfhqgcyppbvb,hqbspynnbgc,lrbdqypcbbc,lrbdqypcbjb,lrbdqypcbkc,lrbdqypcbrb,lrbdqypdbfb,qdkdhcypqbcc,qdkdhcypqbkb,qdkdhcypqbsb,sjdbqynqbfc,sjdbqynqbnc,xtgrqypfbpc,xtgrqypgblc,xtgrqypgbsb,xtgrqyphbzb,xtgrqypjbdb"
6207245,37.9900016784668,-121.709999084473,"Jeanine","Oakley","13789805,37139582,8225907,9471955,9471965,9471982,9471993,98257132,qcxdzcyqqbmc,qdlwdcyqqbnc,qszxscyqlbhb,qvcqkcyqlbhb,slzlnynhbdb"
11390566,37.9900016784668,-121.709999084473,"Carol Mendenhall","Oakley","35760672,51086092,82901192,88986902,89295822"
12174924,37.9900016784668,-121.709999084473,"Tim","Oakley","13149537,13931003,14061071,14481170,17129536,17278455,17342253,26515161,40077992,50775182"
13736456,37.9900016784668,-121.709999084473,"Cherry Comstock","Oakley","15585341,17571030,30922561,78069862,82853632"
30738882,37.9900016784668,-121.709999084473,"Todd Schafer","Oakley","41686512,42507262,44743972,49174562,52586342,58216172,60015622,63398502,64846732,73701832,75955122,80609902,82904032,92965062"
33889352,37.9900016784668,-121.709999084473,"Armando","Oakley","81475852,85536422,85539672,88977552,90234362,94777932,95444612,95787482,qpxhrcyqmbfb"
43696552,37.9900016784668,-121.709999084473,"Nina Salgado","Oakley","100906882,60141662,72423542,76741932,77312002,88245492,97574742,97921602"
