"member_id","member_lat","member_lon","member_name","member_city","all_event_ids"
9877749,47.6199989318848,-122.230003356934,"Mark Pantak","Medina","12169046,13372248,13420683,15037956,16293253,16833408,16927945,46506782,54031492,59391602,60308312,76470442,90433792,96319662,dcxjlcyqdbhc,dlhzdcypnbxb,dltxqypjbjb,dltxqypmbhb,dltxqypnbfb,dltxqyppbkb,fldqqyqfbrb,qbkwrcyqhbqb"
