"venue_id","venue_lat","venue_lon","venue_name","venue_city","all_event_ids"
827905,37.432925,-122.170197,"Cantor Arts Center at Stanford University","Stanford","11844767"
990261,37.429662,-122.172914,"Stanford University","Stanford","12050689"
1245751,37.424106,-122.166076,"Ray's","Stanford","13359927,13354718,13426721,13565237,13633860,13708675,13803207,13929844,13994150,14062580,14130049,14202254"
5612552,37.423393,-122.158386,"Ray's - Graduate Community Center","Stanford","52475792,58130712,63290862"
