"member_id","member_lat","member_lon","member_name","member_city","all_event_ids"
1710188,48.8600006103516,2.33999991416931,"viviensin","Paris","18234521,26516311,27669881,67812382,76217992,cwwltyplbhc,pqfvrypmbdc"
7307228,48.8600006103516,2.33999991416931,"Bipin B Agravat","Paris","100714172,102088512,102612212,103096252,58348802,70762092,70989022,70989552,71855482,72598542,73127602,73898402,75904522,90532572,92896542,94265282,95956422,96052262,96714342,98954722,dstvkcyqpbdc,qjwjgcyqkbpb,qjwjgcyqlblb"
7443067,48.8600006103516,2.33999991416931,"Baroness Danute","Paris","35501422,36256982,47473402,68799452,83136812,87764602"
9008830,48.8600006103516,2.33999991416931,"Wilfried Bessovi","Paris","55267362,dglwkcyqhbmb,dstvkcyqkbjc,qstdlcyqkbvb,qstdlcyqlbbc"
9583893,48.8600006103516,2.33999991416931,"Miguel","Paris","13830372,13843666,14024087,15172327,15335246,ljqbpynkbfc,qvwdpynlbkc"
10003550,48.8600006103516,2.33999991416931,"Rhea Atwood","Paris","kcghqypkbdb,kcghqypqbgc,kcghqyqjbfc,nsqgnynjbqb,nsqgnynkbfb,qkfsbcypqbkc"
10958046,48.8600006103516,2.33999991416931,"Lorin Kalisky","Paris","25667741,26516311,28351841,cwwltyplbhc,pfsbsypkbkc,pwwltypkblc,vrbdpynpbhc"
12144234,48.8600006103516,2.33999991416931,"Irene Preysman","Paris","qctrzcyqjbjc,qctrzcyqkbgc,qctrzcyqkbnb,qctrzcyqkbpc,qctrzcyqkbwb,qctrzcyqlbkb,qctrzcyqlblc,qctrzcyqlbsb"
