"member_id","member_lat","member_lon","member_name","member_city","all_event_ids"
12197982,33.1399993896484,-97.6500015258789,"michael steagall","Boyd","13679782,13683953,13740788,14109167,14739440,14926759,16772537,33488302,45684502,82682292,87899572"
