"member_id","member_lat","member_lon","member_name","member_city","all_event_ids"
3465431,34.7400016784668,-86.620002746582,"Rebecca Freedom","Huntsville","10010608,10908776,11635060,12356225,12626438,12673497,12753889,12888378,8367394,8526301,8560923,9398216,tgcknynhbfc"
3648956,34.7400016784668,-86.620002746582,"Bobby","Huntsville","10272600,10311841,10311866,10643728,10717714,11001707,11172489,11213586,11297125,11301848,11301849,11301850,11301853,11361369,11470984,11470989,11786010,11919441,5359617,5359620,5472914,5472918,5528844,5530417,5643717,5742130,5756169,5972387,5972388,5972390,5972410,5981299,6205693,6397927,6419956,6561606,7308238,7332802,7516603,7550929,7619859,7619861,7619863,7693916,7868926,7878812,7918640,7918675,8079076,8090110,8274831,8382772,8382776,8382783,8462562,8846377,8911456,8911479,8931698,9249867"
8888896,30.6900005340576,-95.5699996948242,"Mirra","Huntsville","10217454,12046593,12046647,12046684,12046695,12046761,12046779,12046807,12046840,8999497,cvwbsypjbjc,cvwbsyplblc,grjwpypcbnc,grjwpypdbkc,grjwpypfbkc,grjwpypgbgc,grjwpyphbmc"
