"member_id","member_lat","member_lon","member_name","member_city","all_event_ids"
9326444,38.1199989318848,-121.269996643066,"Jim","Lodi","16850075,17517826,58938772,62665462,95564932"
10059485,38.1199989318848,-121.269996643066,"David Diskin","Lodi","14152572,30541531,80700632,87275392,88798582,98645462,rqbhpynmbnb,rqbhpypcbsb"
