"member_id","member_lat","member_lon","member_name","member_city","all_event_ids"
10376156,34.5999984741211,-118.190002441406,"Dustin Coyner","Palmdale","17091110,21685681,21685781,39727632,42904112,42904652,46681482"
