"venue_id","venue_lat","venue_lon","venue_name","venue_city","all_event_ids"
709579,33.706875,-116.992119,"Western Center for Archaeology and Paleontology","Hemet","10253687|10253628|10304258|11139378|12586549|12631885|13368986|15354695|76319492|77193982"
750964,33.747837,-116.900665,"Hemet Shell Gas","Hemet","9177128"
868620,33.704323,-116.997894,"Diamond Valley Lake","Hemet","15617752"
7918532,33.74752,-116.97197,"Rouse Hill Truck Trail at Hwy 74","Hemet","69363102"
