"venue_id","venue_lat","venue_lon","venue_name","venue_city","all_event_ids"
775779,32.397992,-97.21512,"Alvarado High School","Alvarado","8855092|11560033|14953869"
1372938,32.417649,-97.224159,"Whataburger ","Alvarado","14739440|15160816|16964526|16296191|20678031|33488302|37272342|67570452"
7186802,32.464046,-97.26493,"Texas Smokehouse II","Alvarado","64692922|67305842|104771742"
