"member_id","member_lat","member_lon","member_name","member_city","all_event_ids"
37429982,32.5099983215332,-95.4300003051758,"Xochil","Lindale","50402892,52930132,52932482,53647322,53647642,53702942,58555982,58968322,60784442,67134522,67135162,67135502,67136592,72912002,72912222,72913022,72914432,75434762,76626012,76626652,76628792,76628822,76702312,82284792,82288352,82302172,82385442,85703302,85704892,85705092,92552482,92552712,92578082,92760962,92761122,93507082"
